38,61,37,0,15,72,164,22,162,161,14,10,18,23,21,13,5,29,3,25,58,32,11
38,61,37,0,2,60,131,12,834,402,78,79,18,1,20,80,5,3,26,91,19
38,61,37,0,2,179,294,12,381,8088,423,96,10,18,1,20,97,5,3,19
38,61,37,0,2,52,105,12,2767,3201,4829,96,10,18,1,20,97,5,89
38,61,37,0,15,4634,111,147,12,381,1737,96,10,18,1,20,97,5,6,29,59
38,61,37,0,15,72,298,22,205,286,285,101,93,18,23,21,100,5,32,6,3,19
38,61,37,0,15,1979,52,12,305,18803,684,96,10,41,1,20,97,5,27
38,61,37,0,2,60,184,22,215,324,323,14,10,41,23,21,13,5,24,6,3,25,31,11
38,61,37,0,2,21222,74,132,22,5674,13245,14,10,4,23,21,13,5,3,136,6
38,61,37,0,2,74,642,12,4307,7353,34,7,18,1,20,33,5,3
38,61,37,0,2,158,944,22,906,1591,1432,14,10,18,23,21,13,5,64
38,61,37,0,197,104,160,12,3080,27166,14,10,41,1,20,13,5,25,48
38,61,37,0,2,9114,52,115,12,92,11027,10832,108,107,41,1,20,106,5,27
38,61,37,0,197,123,12,256,25883,321,34,7,18,1,20,33,5,25,91
38,61,37,0,2,69522,60,184,12,92,430,611,14,10,18,1,20,13,5,27
38,61,37,0,15,27364,74,762,12,99,19070,450,34,7,4,1,283,33,5,27
38,61,37,0,2,16216,124,572,22,345,344,343,14,10,18,23,21,13,5,3,24,11
38,61,37,0,15,124,572,12,1807,11786,14,10,41,1,20,13,5,3,32,6,58,98,19
38,61,37,0,2,127,12,92,1914,1999,34,7,18,1,20,33,5,3,6,89,11
38,61,37,0,2,9726,104,160,12,2320,6568,78,79,18,1,20,80,5,27
38,61,37,0,15,5282,52,115,22,1784,2102,78,79,4,23,21,80,5,64,89,25,58,24,6,26,3,32,48,28,121,19
38,61,37,0,2,19274,280,426,22,3378,3375,14,10,41,23,21,13,5,27
38,61,37,0,15,894,72,191,12,8039,6201,34,7,41,1,20,33,5,27
38,61,37,0,15,74,642,12,256,339,112,113,41,1,20,114,5,91
38,61,37,0,2,59738,85,176,12,1798,4620,34,7,41,1,20,33,5,6,98,64,31,183,26,136,28,30,3,19
38,61,37,0,2,110,192,22,838,836,14,10,230,23,21,13,5,3,6,59,66,64,26,121,24,98,28,30,58,89,32,48,25,57,29,19
38,61,37,0,15,118,390,12,305,42506,379,112,113,41,1,20,114,5,6,3,11
38,61,37,0,2,52,115,22,156,167,78,79,18,23,21,80,5,66,6,30,11
38,61,37,0,235,19793,74,292,12,1459,7622,4114,34,7,18,1,20,33,5,57,64,58,29,48,3,24,59,11
38,61,37,0,2,1600,74,132,12,92,9301,5341,34,7,4,1,20,33,5,27
38,61,37,0,15,90,12,1360,3239,34,7,41,1,20,33,5,29,3,31,6
38,61,37,0,15,808,52,115,12,2523,3165,34,7,18,1,20,33,5,26,3,58
38,61,37,0,15,25076,60,131,12,4766,5967,14,10,18,1,1125,13,5,27
38,61,37,0,15,110,192,12,9596,28901,108,107,18,1,20,106,5,27
38,61,37,0,2,124,752,22,309,607,78,79,18,23,21,80,5,6,11
38,61,37,0,2,52,370,22,162,161,14,10,18,23,21,13,5,27
38,61,37,0,2,54591,111,845,12,516,1048,34,7,41,1,20,33,5,6,3,32,11
38,61,37,0,2,6004,124,208,12,4003,13343,34,7,41,1,20,33,5,24,25,31,48,6,154,58,59,11
38,61,37,0,2,85,253,22,156,167,78,79,18,23,21,80,5,29,26,6,28,3,25,11
38,61,37,0,2,808,52,115,12,19089,14,10,18,1,20,13,5,27
38,61,37,0,2,691,74,132,12,381,423,96,10,18,1,20,97,5,27
38,61,37,0,2,127,12,601,30223,686,108,107,41,1,20,106,5,27
38,61,37,0,2,110,192,12,1570,2100,34,7,41,1,20,33,5,30,6,66,11
38,61,37,0,2,138,137,12,3767,8494,34,7,18,1,20,33,5,25,48,24
38,61,37,0,15,4202,119,679,22,736,737,735,14,10,41,23,21,13,5,6,3,25,26,632,24,19
38,61,37,0,2,60,131,12,564,563,566,96,10,4,1,20,97,5,3
38,61,37,144,134,85,293,22,1175,1174,14,10,18,23,21,13,5,27
38,61,37,144,134,150,22,1058,1059,1054,78,79,230,23,21,80,5,27
38,61,37,0,15,123,22,5487,5601,5488,78,79,4,23,21,80,5,6,31,30,3,11
38,61,37,0,2,85,176,22,708,1728,101,93,41,23,21,100,5,3
38,61,37,0,15,1600,74,132,22,644,645,34,7,4,23,21,33,5,66,29,3,31,30,25,11
38,61,37,0,15,60,301,22,455,454,14,10,4,23,21,13,5,27
38,61,37,0,2,10966,74,12,950,1536,108,107,41,1,20,106,5,3,31,91,28,11
38,61,37,0,2,85,462,22,455,454,14,10,4,23,21,13,5,3
38,61,37,0,15,52,105,12,1854,264,112,113,4,1,140,114,5,31,6
38,61,37,0,15,111,147,12,99,1273,34,7,4,1,1062,33,5,27
38,61,37,144,134,110,371,22,1034,1602,14,10,18,23,21,13,5,64,3,89,6,28,11
38,61,37,0,2,118,213,12,99,48614,479,34,7,4,1,377,33,5,91,57,6,19
38,61,37,0,15,1565,85,293,12,260,3721,96,10,18,1,766,97,5,169,48,31,6,58,29,30,3,24,11
38,61,37,0,2,47138,74,132,12,92,17315,14362,96,10,18,1,20,97,5,3,58,6
38,61,37,0,15,118,368,12,181,182,254,112,113,4,1,159,114,5,32,29,26,19
38,61,37,0,15,21334,60,184,12,92,848,1417,34,7,18,1,20,33,5,32
38,61,37,0,2,52,105,22,502,1709,34,7,41,23,21,33,5,48,6,58
38,61,37,0,15,6148,52,115,12,92,1077,19662,14,10,18,1,20,13,5,58,6,98,28,3,19
38,61,37,0,15,135,711,22,355,899,14,10,18,23,21,13,5,3,64,24,29,6,11
38,61,37,0,15,60,301,22,455,454,14,10,4,23,21,13,5,27
38,61,37,0,15,72,164,12,99,1411,34,7,4,1,1404,33,5,3
38,61,37,0,2,15852,63,329,22,215,324,323,14,10,41,23,21,13,5,6,24,3,64,31,11
38,61,37,0,2,85,176,12,247,677,473,34,7,18,1,20,33,5,32,3
38,61,37,0,2,48963,104,12,777,1246,34,7,41,1,20,33,5,6,30,66,29,3,11
38,61,37,0,2,52,105,12,92,11074,32238,34,7,41,1,20,33,5,27
38,61,37,0,2,1588,63,178,12,5423,5418,34,7,18,1,20,33,5,3,32,59,19
38,61,37,0,15,119,223,12,1548,2309,112,113,18,1,20,114,5,27
38,61,37,0,15,175,271,22,205,286,285,101,93,18,23,21,100,5,3,32,19
38,61,37,0,15,60,131,12,92,233,262,96,10,18,1,140,97,5,27
38,61,37,0,15,52,115,12,92,2815,14202,108,107,18,1,20,106,5,27
38,61,37,0,2,74,132,12,19726,19372,34,7,18,1,20,33,5,3,25,26,6,48,19
38,61,37,0,15,175,271,12,943,1433,14,10,4,1,20,13,5,98,3,64,29,59,6,31,19
38,61,37,0,2,51774,60,131,12,1424,1425,1531,108,107,18,1,20,106,5,11
38,61,37,0,15,158,1023,22,216,404,14,10,18,23,21,13,5,25
38,61,37,0,2,2799,111,147,12,1353,1152,14,10,4,1,20,13,5,3,19
38,61,37,0,15,4855,52,115,12,742,795,34,7,18,1,20,33,5,6,28,26,11
38,61,37,0,2,119,223,22,754,1613,14,10,41,23,21,13,5,58,6,3,32,25,11
38,61,37,0,15,104,399,12,1089,30496,14,10,18,1,20,13,5,29,6,24,57,3,48,59,25,58,11
38,61,37,0,15,52,105,22,455,966,454,14,10,4,23,21,13,5,27
38,61,37,0,2,31420,74,558,12,99,3316,14,10,4,1,1062,13,5,26,3,19
38,61,37,0,2,932,52,105,12,803,716,14,10,18,1,20,13,5,3,6,59,207,148,11
38,61,37,0,2,52,22,221,669,668,14,10,41,23,21,13,5,27
38,61,37,0,2,127,12,92,20388,14,10,41,1,20,13,5,89,3,32,19
38,61,37,0,2,127,12,7433,30710,14,10,41,1,20,13,5,89,3,32,19
38,61,37,0,15,32281,74,483,12,1353,1152,14,10,4,1,20,13,5,27
38,61,37,0,15,104,160,22,1041,1040,78,79,4,23,21,80,5,27
38,61,37,0,2,22615,104,440,22,2393,2392,14,10,41,180,21,13,5,48,3,29,6
38,61,37,0,15,123,12,1055,1407,3255,34,7,41,1,20,33,5,3
38,61,37,0,2,31420,74,558,12,99,3550,14,10,4,1,187,13,5,26,3,19
38,61,37,0,2,150,12,606,887,108,107,18,1,20,106,5,58,6
38,61,37,0,2,39023,52,115,22,206,1215,519,14,10,4,23,21,13,5,3,19
38,61,37,0,2,13975,127,12,99,13253,372,34,7,4,1,214,33,5,27
38,61,37,144,196,123,22,6263,2602,14,10,41,180,21,13,5,27
38,61,37,0,310,808,52,115,12,398,4330,14,10,4,1,20,13,5,27
38,61,37,0,2,42643,74,749,12,1037,2791,14,10,18,1,20,13,5,29,11
38,61,37,0,2,179,579,22,493,315,14,10,18,23,21,13,5,48,31,29,30,57,28,6,3,24,26,59,11
38,61,37,0,15,52,115,12,92,2815,7131,108,107,18,1,20,106,5,27
38,61,37,0,2,4219,111,22,4431,14,10,4,23,21,13,5,29
38,61,37,0,2,124,208,22,290,297,14,10,4,23,21,13,5,27
38,61,37,0,2,8127,104,160,22,990,2356,2327,14,10,18,23,21,13,5,29,28,32,3,11
38,61,37,0,2,153,261,12,99,11815,851,101,93,4,1,282,100,5,27
38,61,37,0,2,85,291,22,307,337,78,79,18,23,21,80,5,6,11
38,61,37,0,2,74,132,22,41425,5868,14,10,18,23,21,13,5,3,29,58
38,61,37,0,15,2404,90,22,6836,6841,14,10,4,23,21,13,5,58,6,66,30,3,48,11
38,61,37,0,2,49827,52,115,12,6575,10755,96,10,4,1,20,97,5,27
38,61,37,0,2,74,132,12,3218,3229,3215,14,10,4,1,20,13,5,29,64,28,3,30,6,32,19
38,61,37,0,15,32281,74,483,12,1353,1152,14,10,4,1,20,13,5,19
38,61,37,0,15,9445,179,294,22,355,899,14,10,18,23,21,13,5,3,29
38,61,37,0,2,119,223,12,3385,10684,2153,34,7,18,1,20,33,5,25,183,98,6,24,3,11
38,61,37,0,2,90,12,616,1121,101,93,18,1,20,100,5,32,59,26,3,66,89,30,6,31,11
38,61,37,0,15,12126,270,275,12,1146,2955,34,7,18,1,20,33,5,6,3,26,91,25,32,64,19
38,61,37,0,15,127,12,5833,9515,108,107,41,1,20,106,5,29,6,25,3,48,58,59,19
38,61,37,0,15,72398,130,284,12,99,9341,188,34,7,4,1,187,33,5,26,25,3
38,61,37,0,15,118,213,22,455,454,14,10,4,23,21,13,5,27
38,61,37,0,2,60,486,22,990,2356,2327,14,10,18,23,21,13,5,91,3,26,6,32,11
38,61,37,144,134,150,22,398,926,925,14,10,41,23,21,13,5,27
38,61,37,0,2,52,115,12,394,402,78,79,18,1,20,80,5,28,48,29,64,59,6,19
38,61,37,0,2,124,665,12,99,4268,871,101,93,4,1,480,100,5,27
38,61,37,0,15,35352,153,870,12,516,1033,34,7,18,1,20,33,5,32
38,61,37,0,15,69213,123,22,455,454,14,10,4,23,21,13,5,27
38,61,37,0,15,7921,74,132,12,92,1498,2192,78,79,18,1,1125,80,5,28,64,24,6,31,3,11
38,61,37,0,2,44210,126,374,22,244,237,101,93,18,23,21,100,5,3,32,19
38,61,37,0,2,3734,127,12,593,612,96,10,41,1,20,97,5,32
38,61,37,0,197,52,105,12,1758,11953,96,10,18,1,20,97,5,27
38,61,37,0,15,130,284,22,92,218,237,101,93,18,23,21,100,5,58,6,28,3,91,48,32,19
38,61,37,0,15,130,284,22,12141,14,10,18,23,21,13,5,48,31,32,30,6,29,3,66,25,11
38,61,37,0,15,52,105,12,260,3721,96,10,18,1,766,97,5,24,11
38,61,37,0,15,135,542,22,355,422,14,10,41,23,21,13,5,24,6,11
38,61,37,0,2,123,12,1055,1407,34,7,18,1,20,33,5,6,28,3
38,61,37,0,15,45553,60,155,12,6356,5183,34,7,18,1,159,33,5,6,24,3,32,148,29,58,11
38,61,37,0,2,118,368,12,453,5923,1111,34,7,41,1,20,33,5,25,3,11
38,61,37,0,15,19452,72,164,12,99,1309,450,34,7,4,1,283,33,5,27
38,61,37,0,15,60,155,22,911,5359,921,14,10,4,23,21,13,5,149,3,58,25,91
38,61,37,0,2,127,12,92,430,611,14,10,18,1,20,13,5,25,26,29,3,6,19
38,61,37,0,2,123,22,834,903,78,79,18,23,21,80,5,28,64
38,61,37,0,2,104,508,12,305,36755,379,112,113,18,1,20,114,5,27
38,61,37,0,15,74,449,22,2348,1705,14,10,4,23,21,13,5,27
38,61,37,144,196,103,224,22,3299,4269,14,10,41,23,21,13,5,27
38,61,37,0,2,127,12,92,108,107,18,1,20,106,5,27
38,61,37,0,2,18390,158,229,22,3637,8967,3633,14,10,4,23,21,13,5,57
38,61,37,0,15,104,440,12,1985,5215,4771,34,7,18,1,20,33,5,3,6,32,19
38,61,37,0,2,118,390,22,1290,7579,1478,14,10,41,23,21,13,5,3
38,61,37,0,2,868,118,368,22,2753,2754,14,10,4,23,21,13,5,27
38,61,37,0,2,52,105,12,17915,60949,34,7,41,1,20,33,5,27
38,61,37,0,2,124,12,504,764,101,93,18,1,20,100,5,91
38,61,37,0,2,29525,128,211,12,1224,1271,101,93,18,1,20,100,5,27
38,61,37,0,15,17098,52,115,12,101,93,18,1,20,100,5,27
38,61,37,0,15,138,137,22,1027,1558,14,10,4,23,21,13,5,28,6,3,11
38,61,37,0,2,153,261,12,896,1441,34,7,4,1,187,33,5,25,3
38,61,37,0,2,270,275,22,394,444,78,79,18,23,21,80,5,48,89,29,64,66,24,6,121,31,28,3,26,30,11
38,61,37,0,2,32354,87,322,22,1209,1283,1278,14,10,18,23,21,13,5,3
38,61,37,0,15,103,224,12,3269,264,112,113,4,1,140,114,5,6,30,66,11
38,61,37,0,15,280,426,22,658,703,14,10,41,23,21,13,5,3
38,61,37,0,15,153,1786,22,320,315,14,10,18,23,21,13,5,26,6,31,3,29,11
38,61,37,0,2,3012,150,12,516,1048,34,7,18,1,20,33,5,6,3,29,24,32,25,11
38,61,37,0,2,52,105,12,156,402,78,79,18,1,20,80,5,6,3,11
38,61,37,0,2,119,223,12,516,1049,34,7,18,1,20,33,5,32
38,61,37,0,2,6292,111,147,12,181,182,257,112,113,4,1,159,114,5,6,32,3,19
38,61,37,0,2,118,390,12,99,30343,726,34,7,4,1,480,33,5,27
38,61,37,0,2,74,603,12,181,182,257,112,113,4,1,159,114,5,3,32
38,61,37,0,2,126,367,22,156,5963,167,78,79,18,23,21,80,5,64,28,3,30,6,11
38,61,37,0,15,60,155,12,99,37105,707,14,10,4,1,552,13,5,149,3,58,25,91
38,61,37,144,134,72,191,22,92,218,237,101,93,18,23,21,100,5,48,98,632,91,32,3,408,183,19
38,61,37,0,2,127,12,92,14,10,18,1,20,13,5,27
38,61,37,258,134,17846,104,22,672,947,942,14,10,18,23,21,13,5,3,6,58
38,61,37,0,2,135,240,22,1937,32231,2386,34,7,41,23,21,33,5,66,30,3,6,24,11
38,61,37,0,196,43281,74,360,12,92,712,1237,108,107,4,1,20,106,5,6,32,3,11
38,61,37,0,2,123,12,181,182,257,112,113,4,1,159,114,5,32,3,19
38,61,37,0,2,24289,52,115,12,1807,5179,34,7,18,1,20,33,5,32,3,19
38,61,37,0,15,52,105,22,455,966,454,14,10,4,23,21,13,5,27
38,61,37,0,15,14614,87,163,22,162,161,14,10,18,23,21,13,5,48,25,3,6,29,28,98,26,11
38,61,37,0,15,41177,74,392,12,1672,5434,14,10,41,1,20,13,5,3,24,29,6,25,154,19
38,61,37,0,15,138,137,22,4097,4095,14,10,41,23,21,13,5,19
38,61,37,0,2,124,429,12,99,188,34,7,4,1,187,33,5,3,6,58,25,29,19
38,61,37,0,2,124,665,12,99,4268,876,34,7,4,1,214,33,5,25
38,61,37,0,2,104,160,12,3719,5658,108,107,18,1,20,106,5,3
38,61,37,0,2,110,470,22,3867,3874,14,10,41,23,21,13,5,3,59,28,31,57,6,19
38,61,37,0,2,175,22,307,337,78,79,18,23,21,80,5,6,3,11
38,61,37,0,15,52,105,12,99,313,34,7,4,1,214,33,5,66,30,169,11
38,61,37,0,2,157,1137,22,2731,3844,3842,78,79,4,23,21,80,5,19
38,61,37,0,2,127,12,381,2214,96,10,18,1,20,97,5,6,32,48,3,19
38,61,37,0,15,59716,60,184,12,92,6016,4037,108,107,18,1,20,106,5,48,6,29
38,61,37,0,2,119,467,22,355,899,14,10,18,23,21,13,5,27
38,61,37,0,196,72,231,22,415,565,431,14,10,18,23,21,13,5,57,26,24,3,19
38,61,37,0,15,110,192,12,92,848,1334,14,10,41,1,20,13,5,32,3
38,61,37,0,15,6292,111,147,12,92,1016,1708,14,10,18,1,20,13,5,32,91,25,3,19
38,61,37,0,2,10739,119,570,22,1171,1526,14,10,18,23,21,13,5,3,66,30,24,6,11
38,61,37,0,2,110,192,12,156,402,78,79,18,1,20,80,5,32,6,3,11
38,61,37,0,235,74,451,22,290,297,14,10,4,23,21,13,5,6,3,19
38,61,37,0,2,52,115,12,5833,8952,108,107,41,1,20,106,5,25,29
38,61,37,0,2,124,557,22,3299,3351,101,93,41,23,21,100,5,24,11
38,61,37,0,2,52,115,12,8237,16213,96,10,18,1,20,97,5,25
38,61,37,0,15,69213,123,22,455,454,14,10,4,23,21,13,5,3
38,61,37,0,15,273,22,215,304,303,14,10,41,23,21,13,5,3
38,61,37,0,2,8990,179,745,22,498,1269,1013,14,10,18,23,21,13,5,6,3
38,61,37,0,2,104,12,593,47942,612,96,10,41,1,20,97,5,32
38,61,37,0,15,20200,124,633,12,260,4125,96,10,41,1,20,97,5,6,24,149,25,32,3,11
38,61,37,0,2,110,217,22,205,272,34,7,18,23,21,33,5,28,64,32,3,19
38,61,37,0,15,85,253,22,498,1269,1013,14,10,18,23,21,13,5,3,843
38,61,37,0,15,5259,127,12,92,848,1334,14,10,41,1,20,13,5,32,6,3
38,61,37,0,15,118,213,22,455,454,14,10,4,23,21,13,5,27
38,61,37,144,134,72,164,22,92,218,237,101,93,18,23,21,100,5,632,148,3,32,19
38,61,37,0,2,2376,72,195,12,347,770,14,10,18,1,20,13,5,3
38,61,37,0,15,58496,74,641,12,394,402,78,79,18,1,20,80,5,6,11
38,61,37,0,15,52,115,12,92,1016,1708,14,10,41,1,20,13,5,25,6,32,19
38,61,37,0,15,14006,104,484,12,380,518,108,107,41,1,20,106,5,6
38,61,37,0,197,104,160,12,621,960,1711,250,93,18,1,20,249,5,58,25,48
38,61,37,0,2,128,211,22,1864,1866,14,10,41,23,21,13,5,27
38,61,37,0,15,110,192,22,290,297,14,10,4,23,21,13,5,27
38,61,37,0,15,90,12,781,660,14,10,4,1,448,13,5,59,28,3
38,61,37,0,15,52,186,22,942,14,10,18,23,21,13,5,6,3,29,11
38,61,37,0,15,153,261,12,5532,264,112,113,4,1,140,114,5,27
38,61,37,144,134,72,164,22,8482,1839,14,10,18,23,21,13,5,27
38,61,37,0,15,87,400,22,205,286,285,101,93,18,23,21,100,5,32,19
38,61,37,0,15,150,12,2246,14,10,18,1,20,13,5,31,24,3,25,58,30,6,149,11
38,61,37,0,2,123,12,908,910,1480,14,10,18,1,20,13,5,31,6,59,3,48,11
38,61,37,144,134,111,147,22,92,218,369,14,10,4,23,21,13,5,408,30,3,19
38,61,37,0,15,124,526,22,589,661,14,10,4,23,21,13,5,6,64,11
38,61,37,0,15,110,192,12,34510,1200,34,7,18,1,140,33,5,27
38,61,37,0,2,158,229,12,99,313,34,7,4,1,214,33,5,25
38,61,37,0,2,127,12,14,10,41,1,20,13,5,27
38,61,37,0,15,110,226,22,1027,1558,14,10,4,23,21,13,5,59,58,48,24,3,31,6,11
38,61,37,0,2,349,1206,12,99,1546,372,34,7,4,1,214,33,5,29
38,61,37,0,2,26024,87,524,22,1067,2643,1883,14,10,4,23,21,13,5,24,11
38,61,37,0,15,2924,74,360,12,601,686,108,107,41,1,20,106,5,29,3,58,32,19
38,61,37,0,2,2337,52,12,1680,5876,108,107,18,1,20,106,5,24,59,29,3,48,6,57,25,11
38,61,37,0,2,42653,52,105,12,99,855,34,7,4,1,857,33,5,3,19
38,61,37,0,15,8722,52,22,2886,1827,14,10,4,23,21,13,5,121,26,25,3,6,64,28,11
38,61,37,0,2,123,12,1844,2286,2415,96,10,18,1,20,97,5,3,24,11
38,61,37,0,15,123,22,1041,1040,78,79,4,23,21,80,5,32,3,19
38,61,37,0,15,818,60,155,12,44923,39295,78,79,18,1,20,80,5,6,91,3
38,61,37,0,15,74,132,12,181,182,254,112,113,4,1,159,114,5,3,32,19
38,61,37,0,2,12795,123,12,247,473,34,7,41,1,20,33,5,3,91,89,30,26,169,31,6,24,32,11
38,61,37,0,2,153,599,22,839,1511,1505,14,10,18,23,21,13,5,28,57,91,3,6,26,19
38,61,37,0,2,87,163,12,616,1187,78,79,41,1,20,80,5,58,24,64,25,32,3,11
38,61,37,0,2,124,665,22,708,1728,101,93,41,23,21,100,5,6,183,32,3,98,19
38,61,37,0,2,72,164,12,260,10272,824,250,93,18,1,296,249,5,24,11
38,61,37,0,15,103,202,12,938,6752,34,7,41,1,20,33,5,59,48,29,6,3
38,61,37,0,2,44577,126,2407,22,162,161,14,10,18,23,21,13,5,6,3,11
38,61,37,0,2,104,12,256,21702,321,34,7,18,1,20,33,5,98,91,6
38,61,37,0,2,157,1080,22,290,18102,1945,14,10,18,23,21,13,5,3,6,11
38,61,37,0,2,118,406,12,505,22015,3802,78,79,41,1,20,80,5,3,6,32
38,61,37,0,197,123,22,162,19826,161,14,10,18,23,21,13,5,6,48
38,61,37,0,2,123,22,413,676,14,10,41,23,21,13,5,6
38,61,37,0,15,124,633,12,247,677,473,34,7,18,1,20,33,5,28,3,6,25,58,30,32,11
38,61,37,0,15,104,597,12,181,182,254,112,113,4,1,159,114,5,6,32,3,19
38,61,37,0,2,85,219,22,156,167,78,79,18,23,21,80,5,6,26,3,11
38,61,37,0,2,69615,128,211,12,247,677,473,34,7,18,1,20,33,5,32
38,61,37,0,2,52,496,22,1352,1499,14,10,41,23,21,13,5,29,26,98,32,6,3,28,19
38,61,37,0,2,127,12,5910,2153,34,7,18,1,20,33,5,6,11
38,61,37,144,134,72,255,22,793,2161,14,10,41,180,21,13,5,27
38,61,37,0,15,52,115,12,92,2815,4020,96,10,41,1,20,97,5,27
38,61,37,0,2,4529,87,163,12,647,1098,108,107,41,1,20,106,5,57,3,25,26,58,19
38,61,37,0,2,36297,153,704,12,1459,8387,34,7,41,1,20,33,5,6,57,29,3
38,61,37,0,15,110,192,12,744,2694,34,7,41,1,20,33,5,3,98,32,6,29,25,11
38,61,37,0,2,49205,74,392,22,244,237,101,93,18,23,21,100,5,24,31,89,98,3,59,30,26,6,28,29,25,136,32,121,48,66,19
38,61,37,0,15,74,392,12,980,1484,1474,250,93,4,1,140,249,5,58,98
38,61,37,0,15,72,164,22,206,519,14,10,4,23,21,13,5,25,6,29,3,19
38,61,37,0,2,123,12,13662,96,10,18,1,20,97,5,26,3,6,32,154,19
38,61,37,0,15,1686,22,162,161,14,10,18,23,21,13,5,29,6,3,11
38,61,37,0,15,33638,52,105,12,92,33256,34,7,41,1,20,33,5,3,28
38,61,37,0,15,74,132,12,4604,5183,34,7,18,1,159,33,5,58,3,169,28,6,11
38,61,37,144,134,41665,60,184,22,205,286,285,101,93,18,23,21,100,5,32,19
38,61,37,0,2,1565,85,293,12,99,311,101,93,4,1,282,100,5,58
38,61,37,0,15,5914,111,147,12,9636,25967,101,93,18,1,448,100,5,27
38,61,37,0,2,9851,179,821,22,345,344,343,14,10,18,23,21,13,5,3
38,61,37,0,15,41177,74,392,12,1672,2794,14,10,18,1,20,13,5,3,24,29,6,25,154,19
38,61,37,0,2,127,12,92,4205,10762,34,7,18,1,20,33,5,29,25,11
38,61,37,0,2,74,483,12,92,848,1334,14,10,41,1,20,13,5,32
38,61,37,0,15,157,503,12,247,375,312,96,10,18,1,20,97,5,3,32,11
38,61,37,0,2,127,12,156,1412,78,79,18,1,20,80,5,48,136,6,28,11
38,61,37,0,15,150,12,614,800,34,7,4,1,20,33,5,3,6,48,91,32,11
38,61,37,0,2,74,12,516,1048,34,7,41,1,20,33,5,121,26,32,31,25,28,3,6,89,24,66,58,30,64,98,11
38,61,37,0,2,52,210,22,394,444,78,79,18,23,21,80,5,27
38,61,37,144,134,124,526,22,736,737,735,14,10,41,23,21,13,5,27
38,61,37,0,15,150,12,614,1151,101,93,4,1,20,100,5,3,6,48,91,32,11
38,61,37,0,15,87,281,22,92,218,600,14,10,41,180,21,13,5,32,19
38,61,37,0,2,123,22,885,417,34,7,41,23,21,33,5,6,26,48,30,3,59,29,57,11
38,61,37,0,15,60,301,22,206,1215,519,14,10,4,23,21,13,5,3,6,30,24,26,66,11
38,61,37,0,15,14090,74,132,12,92,866,875,78,79,18,1,140,80,5,66,3,6,30,11
38,61,37,0,15,74,132,22,162,161,14,10,18,23,21,13,5,6
38,61,37,0,2,52,105,12,92,712,2854,108,107,4,1,20,106,5,30,6,66,3,26,136,11
38,61,37,0,15,52,105,12,256,35719,321,34,7,41,1,20,33,5,6,30,657,28,91,26,57,3,11
38,61,37,0,15,85,176,12,664,1002,14,10,18,1,20,13,5,28,3,6
38,61,37,0,2,1482,52,12,92,3328,3322,112,113,18,1,7613,114,5,3
38,61,37,0,15,60,131,22,215,304,303,14,10,41,23,21,13,5,3
38,61,37,144,196,90,22,460,1229,78,79,18,23,21,80,5,27
38,61,37,0,2,127,12,92,1397,2220,14,10,18,1,20,13,5,28,29,31,3,25,32,26,6,19
38,61,37,0,15,124,531,22,1036,3007,14,10,18,23,21,13,5,3,91,6,31,11
38,61,37,0,15,69055,52,115,12,92,5536,1313,34,7,4,1,140,33,5,32
38,61,37,0,2,63,245,22,205,272,34,7,18,23,21,33,5,32,6,3,19
38,61,37,0,15,90,22,1166,1698,14,10,18,23,21,13,5,27
38,61,37,0,2,118,368,12,5213,5741,14,10,18,1,20,13,5,32,3,19
38,61,37,0,15,894,72,191,12,1259,17442,10204,96,10,18,1,20,97,5,25,58,3,19
38,61,37,0,15,280,22,355,422,14,10,41,23,21,13,5,3
38,61,37,0,2,72,195,22,345,344,343,14,10,18,23,21,13,5,3,25,154,11
38,61,37,144,196,19476,90,22,719,715,14,10,4,23,21,13,5,27
38,61,37,258,134,3863,60,155,22,4558,4556,14,10,4,180,21,13,5,632,1208,29
38,61,37,0,2,273,22,5097,5106,14,10,18,23,21,13,5,3
38,61,37,0,2,52,105,12,92,14,10,41,1,20,13,5,27
38,61,37,0,2,118,551,12,588,881,34,7,18,1,20,33,5,3
38,61,37,0,15,60,155,12,3030,34,7,41,1,20,33,5,48,3,11
38,61,37,0,15,70447,60,184,12,92,1388,1384,14,10,18,1,140,13,5,25,6,28,11
38,61,37,0,15,11226,74,292,12,1833,5406,6207,34,7,18,1,2727,33,5,207,59,25
38,61,37,0,15,21252,87,400,22,719,715,14,10,4,23,21,13,5,3,58
38,61,37,0,2,19773,179,1091,22,522,714,14,10,18,23,21,13,5,25,6
38,61,37,0,15,18926,52,105,22,481,523,14,10,18,23,21,13,5,26,3,59,6,48,19
38,61,37,0,2,74,618,12,92,1179,1081,78,79,41,1,20,80,5,3,25,26,32,19
38,61,37,0,2,118,514,22,2266,2261,14,10,41,23,21,13,5,48,6,30,3,32,31,19
38,61,37,0,2,270,275,22,834,903,78,79,18,23,21,80,5,6,3,19
38,61,37,0,2,2283,150,12,1548,2309,112,113,18,1,20,114,5,25,64,3,91,6,28,149,57,26,31,19
38,61,37,0,15,22344,52,115,22,1058,1059,1054,78,79,230,23,21,80,5,169,64,6,3,58,59,29,48,91,11
38,61,37,0,15,52,115,22,92,218,272,34,7,18,23,21,33,5,32,19
38,61,37,0,15,52,317,22,92,218,237,101,93,18,23,21,100,5,3,32,6,19
38,61,37,144,134,52,105,22,92,218,431,14,10,18,23,21,13,5,6,3,28,19
38,61,37,0,15,30260,119,652,22,290,297,14,10,4,23,21,13,5,27
38,61,37,0,2,4223,60,155,12,92,5351,5397,34,7,18,1,20,33,5,27
38,61,37,0,2,126,374,22,8220,8244,101,93,4,23,21,100,5,89,6,25,24,28,30,3,11
38,61,37,0,15,691,74,132,12,92,1003,1434,78,79,4,1,10760,80,5,27
38,61,37,0,2,110,371,22,672,947,942,14,10,18,23,21,13,5,27
38,61,37,144,134,21337,123,22,92,218,272,34,7,18,23,21,33,5,27
38,61,37,0,2,57715,118,873,22,244,237,101,93,18,23,21,100,5,32,3,28,19
38,61,37,0,2,124,531,12,247,901,96,10,18,1,20,97,5,32,11
38,61,37,0,2,32894,60,131,12,92,1143,19305,34,7,4,1,129,33,5,27
38,61,37,0,2,54426,74,132,12,2433,4926,108,107,41,1,20,106,5,207,6,48,59,24,11
38,61,37,0,2,60,225,22,320,11143,315,14,10,18,23,21,13,5,3,30,64,28,66,6,19
38,61,37,0,2,69615,128,211,12,247,677,473,34,7,41,1,20,33,5,32
38,61,37,0,15,17157,52,115,12,92,1975,7337,14,10,18,1,20,13,5,6,64,98,3,28,19
38,61,37,0,2,68123,124,208,22,415,565,431,14,10,18,23,21,13,5,3,19
38,61,37,0,15,74,360,12,1509,1782,108,107,41,1,20,106,5,3,32,6,11
38,61,37,0,15,103,202,22,307,337,78,79,18,23,21,80,5,28,6,91,11
38,61,37,0,310,52,115,22,398,926,925,14,10,41,23,21,13,5,27
38,61,37,0,2,158,1122,22,567,631,78,79,18,23,21,80,5,6,3,11
38,61,37,0,2,74,360,12,593,25600,612,96,10,18,1,20,97,5,32,11
38,61,37,0,2,60,388,22,215,304,303,14,10,41,23,21,13,5,3
38,61,37,0,15,45882,60,155,12,1647,1462,108,107,41,1,20,106,5,26,24,48,3,25,58,11
38,61,37,0,15,138,137,22,1209,1283,1278,14,10,18,23,21,13,5,3
38,61,37,0,2,110,22,728,725,78,79,4,23,21,80,5,6,3,11
38,61,37,0,2,43014,157,1137,12,99,20105,188,34,7,4,1,187,33,5,27
38,61,37,0,2,2894,52,186,12,505,3188,2537,78,79,41,1,20,80,5,32
38,61,37,144,134,60,363,22,355,899,14,10,18,23,21,13,5,27
38,61,37,0,2,37830,270,275,12,1141,2726,101,93,18,1,20,100,5,27
38,61,37,0,2,85,253,22,290,297,14,10,4,23,21,13,5,27
38,61,37,0,15,74,360,12,1509,1782,108,107,41,1,20,106,5,3,32,6,11
38,61,37,144,134,7368,63,178,22,1821,1996,1581,14,10,230,23,21,13,5,27
38,61,37,0,2,8905,123,12,4493,5890,108,107,18,1,20,106,5,3
38,61,37,0,15,104,484,12,5292,21060,27667,112,113,18,1,20,114,5,25,747,19
38,61,37,0,15,70403,104,399,22,206,1215,519,14,10,4,23,21,13,5,24,3,25,29,11
38,61,37,0,15,157,386,12,305,379,112,113,41,1,20,114,5,27
38,61,37,0,2,15776,52,105,12,92,1077,14749,14,10,18,1,20,13,5,27
38,61,37,0,2,60,263,22,290,297,14,10,4,23,21,13,5,6,3,11
38,61,37,0,15,110,226,22,630,34650,1024,14,10,4,23,21,13,5,3,26,6,59,48,64,28,11
38,61,37,0,2,85,405,22,345,344,343,14,10,18,23,21,13,5,27
38,61,37,0,15,12749,175,271,12,44001,58015,34,7,41,1,20,33,5,59,24,6,29,48,3,11
38,61,37,0,2,74,292,12,6858,18637,34,7,18,1,20,33,5,32,6,19
38,61,37,0,15,16801,90,12,398,4330,14,10,4,1,20,13,5,6,24,149,25,3,48,11
38,61,37,0,15,52,105,12,92,2242,9839,78,79,41,1,1125,80,5,26,29,6,30,66,3,89,154,11
38,61,37,0,15,52,186,22,92,218,272,34,7,18,23,21,33,5,32,19
38,61,37,0,2,43014,157,1137,12,99,20105,311,101,93,4,1,282,100,5,27
38,61,37,0,15,60379,52,115,22,345,344,343,14,10,18,23,21,13,5,3,25,58,48,28,11
38,61,37,0,2,16360,127,12,347,3194,34,7,18,1,20,33,5,27
38,61,37,0,15,63,376,22,92,218,272,34,7,18,23,21,33,5,32,19
38,61,37,0,15,3323,150,9,142,7482,268,14,10,4,1,53,13,8,24,31,29,26,57,98,3,32,48,25,58,6,19
38,61,37,0,15,60,155,12,4766,5967,14,10,41,1,1125,13,5,207,48,3,19
38,61,37,0,2,124,531,12,247,889,96,10,18,1,20,97,5,32,11
38,61,37,0,15,60,131,12,99,188,34,7,4,1,187,33,5,3,58,19
38,61,37,0,15,85,219,22,1893,3058,3065,14,10,230,23,21,13,5,3,24,11
38,61,37,0,15,126,671,22,413,688,14,10,41,23,21,13,5,27
38,61,37,0,2,24728,52,115,22,4587,2385,14,10,41,23,21,13,5,30,59,11
38,61,37,0,2,41553,74,637,12,16956,16992,17020,14,10,18,1,20,13,5,27
38,61,37,0,2,60,184,12,92,18046,17978,34,7,18,1,20,33,5,26,6,48,29,89,3,32,30,11
38,61,37,0,2,55734,63,401,22,156,42417,167,78,79,18,23,21,80,5,3,6,11
38,61,37,0,2,1750,52,370,12,3197,5091,34,7,41,1,20,33,5,32
38,61,37,0,2,2383,72,195,12,33269,14,10,18,1,20,13,5,6,31,11
38,61,37,144,196,8575,111,147,22,1739,2590,78,79,4,23,21,80,5,27
38,61,37,0,2,74,628,12,99,1445,34,7,4,1,377,33,5,3
38,61,37,0,2,74,132,22,205,272,34,7,18,23,21,33,5,32,3,19
38,61,37,0,15,7142,124,429,22,838,836,14,10,230,23,21,13,5,32,19
38,61,37,0,15,110,226,22,9476,8434,14,10,4,23,21,13,5,24,6,3,11
38,61,37,0,2,72,164,12,2313,5543,34,7,18,1,20,33,5,3,32,64,19
38,61,37,0,2,127,12,2193,1768,34,7,18,1,20,33,5,98,24,6,3,32,11
38,61,37,0,15,123,12,305,379,112,113,41,1,20,114,5,25,28,3,48,29
38,61,37,0,2,8507,52,495,12,92,3087,3021,34,7,18,1,20,33,5,25,3,58,28,64
38,61,37,0,15,111,22,92,218,237,101,93,18,23,21,100,5,6,32,31,3,59,26,24,19
38,61,37,0,15,85,176,22,822,3002,2995,14,10,4,23,21,13,5,27
38,61,37,0,2,20497,87,163,22,708,4734,14,10,41,23,21,13,5,27
38,61,37,0,15,52,186,22,1041,1040,78,79,4,23,21,80,5,3,29,6,24,11
38,61,37,0,2,150,22,3469,2691,14,10,41,23,21,13,5,3
38,61,37,0,2,157,592,22,307,337,78,79,18,23,21,80,5,6,11
38,61,37,0,15,60,155,12,601,686,108,107,41,1,20,106,5,58,183,48,29,98,32,3
38,61,37,0,2,118,385,22,156,13913,167,78,79,18,23,21,80,5,6,3,89,154,66,28,25,29,58,30,11
38,61,37,0,2,5604,60,131,12,995,1977,34,7,41,1,20,33,5,3,32,19
38,61,37,0,15,2611,52,638,12,398,4330,14,10,4,1,20,13,5,48,6,3
38,61,37,0,15,5885,138,137,12,878,660,14,10,4,1,448,13,5,6,3,19
38,61,37,0,15,104,484,12,260,4125,96,10,18,1,20,97,5,24,3,11
38,61,37,0,2,72,191,22,630,1024,14,10,4,23,21,13,5,30,66
38,61,37,0,2,52,699,22,728,725,78,79,4,23,21,80,5,6
38,61,37,0,2,38483,349,1206,22,156,167,78,79,18,23,21,80,5,3,6,64,28,26,11
38,61,37,0,15,85,219,22,92,218,237,101,93,18,23,21,100,5,27
38,61,37,0,2,104,508,12,516,1049,34,7,18,1,20,33,5,3,32
38,61,37,0,2,158,1178,12,2867,37056,34,7,41,1,20,33,5,27
38,61,37,0,2,85,176,22,307,337,78,79,18,23,21,80,5,6,3,11
38,61,37,0,2,87,435,22,355,1289,422,14,10,41,23,21,13,5,27
38,61,37,0,2,60,225,12,1676,1627,14,10,41,1,20,13,5,6,25,32,3,19
38,61,37,0,2,52384,103,490,22,156,167,78,79,18,23,21,80,5,6,11
38,61,37,0,15,6393,52,115,22,1004,3493,34,7,230,23,21,33,5,29,3,98,58,28,26,48,25,6,89,24,11
38,61,37,0,15,16706,110,620,22,92,218,600,14,10,41,180,21,13,5,3,6,25,32,26,24,19
38,61,37,0,15,90,12,502,1463,34,7,18,1,20,33,5,48,25,59,58
38,61,37,0,15,1979,52,22,728,11500,725,78,79,4,23,21,80,5,6,29,30,3,28,64,19
38,61,37,0,15,87,163,12,305,8593,379,112,113,41,1,20,114,5,27
38,61,37,0,15,52,105,12,92,2307,2516,78,79,41,1,414,80,5,89,59,26,91,29,3,121,30,28,6,31,48,66,24,25,11
38,61,37,0,2,52,105,22,156,167,78,79,18,23,21,80,5,6,11
38,61,37,0,235,45589,349,464,22,156,167,78,79,18,23,21,80,5,3,6,98,64,154,29,25,26,28,121,11
38,61,37,0,2,9950,74,22,1634,1636,1632,34,7,41,23,21,33,5,3,30,66,11
38,61,37,0,15,60,155,12,1335,21910,3687,34,7,41,1,20,33,5,24,3,11
38,61,37,0,2,70621,74,560,12,92,2045,2046,14,10,41,1,20,13,5,27
38,61,37,0,15,90,12,393,598,108,107,4,1,140,106,5,25,58,149,3
38,61,37,0,2,8438,110,192,12,92,3566,12682,14,10,41,1,20,13,5,31,408,626,6,3,24,29,11
38,61,37,0,2,2347,118,385,22,162,161,14,10,18,23,21,13,5,3,25,29,6,11
38,61,37,0,2,28198,87,524,22,92,218,815,14,10,230,23,21,13,5,27
38,61,37,0,15,5259,127,12,92,848,1417,34,7,18,1,20,33,5,32,6,3
38,61,37,0,15,60,131,12,4217,21450,7701,34,7,41,1,20,33,5,58
38,61,37,0,15,35840,52,115,12,995,1981,78,79,41,1,20,80,5,32
38,61,37,0,15,8151,104,160,12,256,17654,321,34,7,41,1,20,33,5,91,19
38,61,37,0,15,111,147,12,256,36322,321,34,7,41,1,20,33,5,91
38,61,37,0,15,52,115,22,1027,1631,14,10,4,23,21,13,5,6,3
38,61,37,0,2,90,22,244,237,101,93,18,23,21,100,5,32,19
38,61,37,0,2,72,191,22,244,237,101,93,18,23,21,100,5,3,32,28,19
38,61,37,0,15,74,132,12,181,182,257,112,113,4,1,159,114,5,3,32,19
38,61,37,0,2,60,131,12,3921,6648,8044,34,7,41,1,20,33,5,27
38,61,37,0,15,103,202,22,206,519,14,10,4,23,21,13,5,48,29,148,64,6,59,149,3,32,25,28,11
38,61,37,0,15,104,160,12,393,598,108,107,4,1,140,106,5,48,6,183,28,98,3,32,24,29,25,26,11
38,61,37,0,2,110,217,22,205,286,285,101,93,18,23,21,100,5,6,3,32,19
38,61,37,0,197,4104,52,115,12,34,7,41,1,20,33,5,6,58,3,26,25,59,48,11
38,61,37,0,2,4866,127,12,92,2197,2156,34,7,18,1,20,33,5,3,19
38,61,37,0,2,25726,60,131,12,92,1077,14749,14,10,18,1,20,13,5,27
38,61,37,0,2,9934,127,12,13312,11395,14,10,18,1,20,13,5,27
38,61,37,0,15,62645,130,609,22,205,286,285,101,93,18,23,21,100,5,6,24,3,25,32,19
38,61,37,0,15,72,191,22,162,161,14,10,18,23,21,13,5,31,25,59,29,3,64,48,24,26,6,28,11
38,61,37,0,2,104,693,12,99,17109,876,34,7,4,1,214,33,5,6
38,61,37,0,15,8657,158,229,22,162,161,14,10,18,23,21,13,5,25
38,61,37,0,2,74,132,12,306,646,101,93,18,1,20,100,5,32,3
38,61,37,0,15,62645,130,609,22,92,218,272,34,7,18,23,21,33,5,6,24,3,25,32,19
38,61,37,0,2,52,105,12,92,2197,2156,34,7,18,1,20,33,5,6,30,32,29,66,31,3,11
38,61,37,0,15,28068,52,105,22,428,891,34,7,41,23,21,33,5,3,32,91,6,19
38,61,37,0,2,74,392,12,92,9867,34,7,41,1,20,33,5,3,19
38,61,37,0,15,110,371,22,2074,2032,14,10,41,180,21,13,5,24,6,3,25,32,19
38,61,37,0,2,3646,52,12,92,4655,11087,14,10,41,1,20,13,5,3,26,19
38,61,37,0,15,72,195,22,92,218,272,34,7,18,23,21,33,5,32,19
38,61,37,0,15,33450,60,131,12,42655,32606,14,10,41,1,20,13,5,26,6,3,19
38,61,37,0,2,52,115,12,181,182,257,112,113,4,1,159,114,5,32,3,19
38,61,37,0,15,60,184,12,92,1016,1708,14,10,18,1,20,13,5,32,3,19
38,61,37,0,2,110,217,22,589,661,14,10,4,23,21,13,5,6
38,61,37,258,134,123,22,3386,3387,34,7,4,23,21,33,5,3,32,19
38,61,37,0,2,124,429,12,306,670,34,7,18,1,20,33,5,3,24,121,26,32,6,19
38,61,37,0,310,127,12,398,4330,14,10,4,1,20,13,5,24,626,30,3,154,6,25,11
38,61,37,0,2,52,186,22,156,167,78,79,18,23,21,80,5,6,3,121,11
38,61,37,0,15,87,163,12,99,71620,755,34,7,4,1,424,33,5,48,25
38,61,37,0,2,23114,127,22,221,669,668,14,10,41,23,21,13,5,27
38,61,37,0,2,124,208,12,4724,4779,4796,14,10,41,1,20,13,5,27
38,61,37,0,197,63,178,22,481,417,34,7,41,23,21,33,5,26,48,30,6,89,3,64,59,19
38,61,37,0,15,43940,52,105,12,92,2815,7131,108,107,41,1,20,106,5,3,6
38,61,37,0,15,23446,111,147,12,5361,1200,34,7,18,1,140,33,5,27
38,61,37,0,2,157,465,12,505,8204,3802,78,79,41,1,20,80,5,32,6,57,3,25,28,29,19
38,61,37,0,2,52,105,22,290,297,14,10,4,23,21,13,5,29,98,24,59,6,26,148,48,30,3,28,58,19
38,61,37,0,2,15130,52,105,22,738,1108,14,10,4,23,21,13,5,27
38,61,37,0,2,18689,90,22,156,167,78,79,18,23,21,80,5,6,11
38,61,37,0,2,21833,52,115,12,92,5536,1313,34,7,4,1,140,33,5,3,32
38,61,37,0,2,119,698,22,215,304,303,14,10,41,23,21,13,5,3
38,61,37,0,2,119,698,22,215,324,323,14,10,41,23,21,13,5,3
38,61,37,0,2,47089,118,406,12,2642,3877,108,107,41,1,2740,106,5,27
38,61,37,0,2,74,449,12,3616,3338,34,7,41,1,20,33,5,32
38,61,37,0,2,179,294,12,1353,1152,14,10,4,1,20,13,5,27
38,61,37,0,2,58742,85,176,12,545,1046,3549,108,107,18,1,20,106,5,27
38,61,37,0,15,110,470,22,1173,1842,1770,34,7,41,23,21,33,5,6,3,59,30,24,11
38,61,37,0,2,90,12,595,1398,108,107,18,1,20,106,5,26,25,3,19
38,61,37,0,2,128,211,22,156,55729,167,78,79,18,23,21,80,5,28,3,6,11
38,61,37,0,2,127,12,14,10,41,1,20,13,5,27
38,61,37,0,235,52,105,12,27866,101,93,18,1,20,100,5,24,89,136,32,26,29,91,6,632,64,3,19
38,61,37,0,2,22172,153,261,12,380,931,101,93,18,1,20,100,5,183,29,6,11
38,61,37,0,2,153,261,12,16496,14,10,18,1,20,13,5,25
38,61,37,0,2,72,164,22,336,786,335,14,10,41,23,21,13,5,3,11
38,61,37,0,15,52,186,22,872,859,14,10,4,23,21,13,5,27
38,61,37,0,2,52,105,12,307,940,78,79,18,1,140,80,5,3,6,58,57,11
38,61,37,0,15,52,105,12,606,1561,34,7,18,1,20,33,5,3,58
38,61,37,0,15,118,390,22,162,161,14,10,18,23,21,13,5,27
38,61,37,0,2,179,867,12,1442,1443,1444,14,10,18,1,20,13,5,29,3
38,61,37,0,2,74,132,22,1027,22374,1631,14,10,4,23,21,13,5,6,11
38,61,37,0,2,128,554,12,516,1033,34,7,18,1,20,33,5,32,3
38,61,37,0,15,127,12,2847,19107,108,107,41,1,20,106,5,25
38,61,37,0,15,5774,179,812,22,481,523,14,10,18,23,21,13,5,26,3,6,89,19
38,61,37,258,655,9355,90,22,3289,3306,3288,14,10,18,23,21,13,5,27
38,61,37,0,2,15284,111,147,12,713,1924,14,10,18,1,20,13,5,27
38,61,37,0,15,39922,60,155,12,1074,6509,14,10,41,1,20,13,5,149,58,3,25
38,61,37,0,2,127,12,803,716,14,10,18,1,20,13,5,27
38,61,37,0,15,3859,60,155,12,6356,5183,34,7,18,1,159,33,5,3,57,28,19
38,61,37,0,2,124,531,12,247,677,473,34,7,18,1,20,33,5,32,11
38,61,37,0,2,3314,153,261,12,34,7,41,1,20,33,5,27
38,61,37,0,2,130,609,12,505,3188,2537,78,79,41,1,20,80,5,32
38,61,37,0,2,2051,130,403,12,896,1329,34,7,41,1,1223,33,5,28,121,32,58,26,3,25,6,154,19
38,61,37,0,2,87,594,22,481,523,14,10,18,23,21,13,5,31,30,59,48,3,6,11
38,61,37,0,15,52,496,22,589,661,14,10,4,23,21,13,5,58,6,3
38,61,37,144,134,104,740,22,92,218,237,101,93,18,23,21,100,5,27
38,61,37,0,2,127,12,2725,108,107,18,1,20,106,5,6,25,3,29
38,61,37,0,2,118,390,12,14,10,41,1,20,13,5,25
38,61,37,0,15,5914,111,147,12,9636,36126,101,93,18,1,448,100,5,27
38,61,37,0,2,52,105,22,481,417,34,7,41,23,21,33,5,25,136,6,447
38,61,37,0,655,10309,90,12,1304,9479,250,93,18,1,20,249,5,27
38,61,37,0,2,119,22,630,48966,1024,14,10,4,23,21,13,5,27
38,61,37,0,2,24462,135,656,22,216,409,14,10,18,23,21,13,5,6,25,3,19
38,61,37,0,2,87,163,22,162,161,14,10,18,23,21,13,5,25,32
38,61,37,0,197,104,160,22,162,161,14,10,18,23,21,13,5,6,32,29,58,59,3,154,25,48,91,30,19
38,61,37,0,2,60,155,12,92,1179,1081,78,79,18,1,20,80,5,3,25,32,19
38,61,37,0,15,118,213,22,92,218,1001,34,7,4,23,21,33,5,58,30,6,66,48,64,32,3,19
38,61,37,0,15,63,376,22,355,422,14,10,41,23,21,13,5,3
38,61,37,0,2,46183,52,105,12,92,3920,15089,101,93,41,1,20,100,5,6
38,61,37,258,134,52,295,22,1871,4273,34,7,4,23,21,33,5,32,19
38,61,37,0,2,19618,179,745,12,99,313,34,7,4,1,214,33,5,27
38,61,37,0,2,22461,118,551,22,162,161,14,10,18,23,21,13,5,30,25,3,28,26,29,57,6,24,31,11
38,61,37,0,2,3723,270,275,12,3230,5301,78,79,41,1,20,80,5,32,59,57,64,25,6,24,58,19
38,61,37,0,15,103,224,22,1861,3261,14,10,18,23,21,13,5,3,169,58,26,136,25,19
38,61,37,0,2,175,1358,12,99,2711,479,34,7,4,1,377,33,5,27
38,61,37,0,2,111,416,22,1173,2027,34,7,18,23,21,33,5,3
38,61,37,0,2,52,186,22,493,18301,288,14,10,4,23,21,13,5,6,3,57,11
38,61,37,0,2,124,208,12,256,14222,321,34,7,41,1,20,33,5,91
38,61,37,0,2,128,466,12,99,21786,755,34,7,4,1,424,33,5,27
38,61,37,0,15,157,592,22,92,218,237,101,93,18,23,21,100,5,3,32,19
38,61,37,0,15,52,105,22,2680,4403,14,10,4,23,21,13,5,30,29,66,26,6,24,11
38,61,37,0,15,60,131,12,92,866,875,78,79,18,1,140,80,5,28,98,6,11
38,61,37,0,2,124,468,12,687,694,1107,108,107,41,1,20,106,5,59,3,32
38,61,37,0,2,138,137,12,260,651,96,10,4,1,159,97,5,29,48,24,11
38,61,37,0,15,175,852,22,2065,1823,14,10,18,23,21,13,5,31
38,61,37,0,2,74,365,22,205,600,14,10,41,180,21,13,5,27
38,61,37,0,2,124,752,12,264,112,113,4,1,140,114,5,48,169,31,58,26,6,89,64,29,3,25,28,30,19
38,61,37,0,2,110,192,12,99,1129,14,10,4,1,648,13,5,6,3,11
38,61,37,0,2,2941,63,274,22,2074,2032,14,10,41,180,21,13,5,3,19
38,61,37,0,15,30562,74,292,12,92,2251,4972,34,7,41,1,20,33,5,64,6,59,19
38,61,37,0,2,124,557,12,15714,264,112,113,4,1,140,114,5,3,6,11
38,61,37,0,2,60,155,22,320,11143,315,14,10,18,23,21,13,5,26,3,6,30,11
38,61,37,0,2,74,392,12,5037,15962,34,7,18,1,20,33,5,26,58,64,32,28,24,30,29,6,3,11
38,61,37,0,2,175,271,12,3355,7405,3796,34,7,18,1,20,33,5,3,98,26,19
38,61,37,0,2,62174,63,22,162,161,14,10,18,23,21,13,5,66,30,6,11
38,61,37,0,655,123,12,3588,10417,34,7,18,1,20,33,5,48,59,89,29,28,148,3,24,6,154,25,121,11
38,61,37,0,235,127,12,2409,716,14,10,18,1,20,13,5,6,28,24,11
38,61,37,0,15,104,22,522,717,14,10,41,23,21,13,5,30,58,29,3,25,154,6,57,149,19
38,61,37,0,235,104,440,12,791,36075,3933,96,10,18,1,20,97,5,32,6,3,91,11
38,61,37,0,15,126,671,22,413,688,14,10,41,23,21,13,5,27
38,61,37,0,2,27085,52,105,12,2684,3082,34,7,41,1,20,33,5,27
38,61,37,0,15,71208,104,364,12,305,19935,379,112,113,41,1,20,114,5,27
38,61,37,0,2,2961,127,12,92,6617,78,79,18,1,20,80,5,24,6,3,11
38,61,37,0,2,127,12,92,712,1196,108,107,4,1,20,106,5,27
38,61,37,0,15,126,200,22,455,966,454,14,10,4,23,21,13,5,27
38,61,37,0,2,27663,157,592,22,1209,1283,1278,14,10,18,23,21,13,5,27
38,61,37,0,2,87,163,12,4019,6089,11100,96,10,41,1,20,97,5,25,6,3,58,11
38,61,37,0,2,31283,179,812,22,567,631,78,79,18,23,21,80,5,6,11
38,61,37,0,2,10650,63,401,22,355,422,14,10,41,23,21,13,5,6,91,11
38,61,37,0,2,13271,110,192,12,92,1498,2192,78,79,18,1,1125,80,5,64,24,6,25,28,29,11
38,61,37,0,15,111,147,12,5361,5183,34,7,18,1,159,33,5,24,6,32,25,3,19
38,61,37,0,15,60,155,12,860,1127,34,7,18,1,20,33,5,29,58,25,30,3,31,28,24,6,32,11
38,61,37,0,2,60,184,12,1676,1627,14,10,18,1,20,13,5,32
38,61,37,0,197,58757,52,370,22,2363,1961,14,10,4,23,21,13,5,3,31,6,11
38,61,37,0,15,158,12,306,650,101,93,18,1,20,100,5,29,91,3,32
38,61,37,0,15,54048,52,115,12,99,188,34,7,4,1,187,33,5,24,26,3,6,19
38,61,37,0,2,3723,270,275,12,3230,5301,78,79,41,1,20,80,5,32,59,57,64,25,6,24,58,19
38,61,37,0,15,104,597,12,380,931,101,93,18,1,20,100,5,28,3,25
38,61,37,0,2,90,12,3582,5902,34,7,18,1,20,33,5,32,25,3
38,61,37,0,15,72,164,22,92,218,237,101,93,18,23,21,100,5,32,3,26,6,19
38,61,37,0,2,10181,87,341,22,215,304,303,14,10,41,23,21,13,5,6,91,3,11
38,61,37,0,2,45744,74,132,12,92,1077,4819,14,10,18,1,20,13,5,27
38,61,37,0,2,74,132,22,290,297,14,10,4,23,21,13,5,91
38,61,37,0,2,111,845,22,328,1340,14,10,41,23,21,13,5,3,32
38,61,37,0,15,63,259,22,92,218,237,101,93,18,23,21,100,5,3,32,6,19
38,61,37,0,2,110,470,22,1719,4772,2189,34,7,18,23,21,33,5,32,3,31,24,26,6,154,11
38,61,37,0,2,2901,52,638,12,92,3328,3322,112,113,18,1,7613,114,5,6,25,11
38,61,37,0,15,158,1533,12,713,1869,108,107,41,1,20,106,5,27
38,61,37,0,2,127,22,2596,13367,2589,14,10,41,180,21,13,5,3
38,61,37,0,15,52,115,22,1254,1252,1253,34,7,4,23,21,33,5,3,64,19
38,61,37,0,15,47808,118,213,12,1920,2912,108,107,41,1,20,106,5,6,64,58,25,31,29,148,28,48,59,11
38,61,37,0,2,67458,52,105,12,92,3343,6692,34,7,18,1,20,33,5,27
38,61,37,0,15,74,451,12,92,2623,3548,34,7,18,1,20,33,5,3,28,32,6,64,29,19
38,61,37,0,2,33914,52,115,12,101,93,18,1,20,100,5,6,207,29
38,61,37,0,15,118,406,12,99,741,34,7,4,1,591,33,5,6,3,32,26,25,19
38,61,37,0,2,127,12,99,67349,726,34,7,4,1,480,33,5,3,58,19
38,61,37,258,134,74,132,22,156,7658,7692,78,79,18,23,21,80,5,30,89,28,64,48,6,59,148,3,31,11
38,61,37,0,2,138,137,12,92,3849,5206,34,7,41,1,20,33,5,64,32,6,3,19
38,61,37,0,2,2709,52,295,12,4970,15921,34,7,18,1,20,33,5,27
38,61,37,0,2,124,468,22,156,7658,7692,78,79,18,23,21,80,5,6,11
38,61,37,0,2,85,176,22,162,48841,161,14,10,18,23,21,13,5,27
38,61,37,0,15,9066,118,213,12,421,890,34,7,41,1,20,33,5,29,19
38,61,37,0,2,19828,158,229,22,1027,62474,1558,14,10,4,23,21,13,5,27
38,61,37,0,15,123,12,181,182,257,112,113,4,1,159,114,5,32,19
38,61,37,0,2,57636,52,115,12,10700,3498,34,7,18,1,20,33,5,635
38,61,37,0,2,52,115,12,6525,5183,34,7,18,1,159,33,5,6,169,26,89,31,59
38,61,37,0,2,52,370,22,162,161,14,10,18,23,21,13,5,27
38,61,37,0,2,3990,72,384,12,92,14701,14964,34,7,4,1,20,33,5,3,6,28,11
38,61,37,0,196,52,105,12,685,705,112,113,41,1,129,114,5,149,24,148,11
38,61,37,0,2,44302,123,22,428,891,34,7,41,23,21,33,5,3,25,6,32,19
38,61,37,0,2,130,284,12,2411,4316,78,79,18,1,20,80,5,29,58,6,28,3,64,11
38,61,37,0,15,138,137,12,1933,101,93,18,1,20,100,5,58,59,3,6,48,24,11
38,61,37,0,2,104,364,12,5392,108,107,18,1,20,106,5,6,26,19
38,61,37,0,2,90,22,491,1094,581,14,10,4,23,21,13,5,3
38,61,37,0,2,3990,72,384,12,92,14701,14964,34,7,4,1,20,33,5,3,6,28,11
38,61,37,0,15,60,301,22,307,337,78,79,18,23,21,80,5,28,6,30,26,29,48,3,11
38,61,37,0,2,60,184,22,307,337,78,79,18,23,21,80,5,25,26,24,6,3,11
38,61,37,0,2,124,682,22,307,337,78,79,18,23,21,80,5,6,3,11
38,61,37,0,2,110,192,12,92,712,2854,108,107,4,1,20,106,5,3,19
38,61,37,0,2,60,225,12,99,18890,439,101,93,4,1,283,100,5,27
38,61,37,0,2,52,317,22,221,669,668,14,10,41,23,21,13,5,27
38,61,37,0,2,72,164,22,415,565,431,14,10,18,23,21,13,5,3,6,11
38,61,37,0,15,35977,130,609,22,92,218,237,101,93,18,23,21,100,5,25,6,3
38,61,37,0,2,85,176,22,205,272,34,7,18,23,21,33,5,6,26,32,3,19
38,61,37,0,15,103,499,22,162,161,14,10,18,23,21,13,5,27
38,61,37,258,134,52,308,22,336,425,335,14,10,41,23,21,13,5,27
38,61,37,0,15,50327,127,12,92,10372,18212,34,7,18,1,20,33,5,25,32,30,3,29,11
38,61,37,0,2,57142,119,223,22,215,324,323,14,10,41,23,21,13,5,3
38,61,37,0,2,110,192,12,92,59323,250,93,4,1,20,249,5,27
38,61,37,0,2,52,115,12,256,12232,339,112,113,41,1,20,114,5,6,31,24,48,30,28,154,91,3,11
38,61,37,0,2,6890,119,698,12,306,670,34,7,18,1,20,33,5,25,3,32,24,48,11
38,61,37,0,2,52,105,12,108,107,41,1,20,106,5,27
38,61,37,0,2,52,105,12,92,65340,6639,14,10,18,1,20,13,5,25,64,6
38,61,37,0,2,9934,127,12,564,563,566,96,10,4,1,20,97,5,26,3,6,19
38,61,37,0,2,52,105,12,44245,101,93,18,1,20,100,5,48,3,6,31,24,11
38,61,37,144,196,52,496,22,719,715,14,10,4,23,21,13,5,27
38,61,37,0,2,56946,87,163,22,493,288,14,10,4,23,21,13,5,6,57,28,3,64,19
38,61,37,0,15,60,155,12,92,34,7,4,1,20,33,5,27
38,61,37,0,2,47619,87,163,12,99,3204,439,101,93,4,1,283,100,5,27
38,61,37,0,15,124,429,12,734,101,93,18,1,20,100,5,6,31,149,11
38,61,37,0,15,469,22,788,252,14,10,41,23,21,13,5,3,11
38,61,37,0,2,57142,119,223,22,215,304,303,14,10,41,23,21,13,5,3
38,61,37,0,15,127,12,398,4330,14,10,4,1,20,13,5,3,26,28,6,19
38,61,37,0,15,85,291,22,5928,5950,14,10,4,23,21,13,5,3
38,61,37,0,15,60,184,12,2184,4146,34,7,41,1,20,33,5,6,3,29,24,11
38,61,37,0,15,808,52,115,12,92,5275,12763,14,10,41,1,20,13,5,25,3,32,19
38,61,37,0,2,104,160,12,2270,264,112,113,4,1,140,114,5,6,89,169,3,19
38,61,37,0,15,52,210,22,162,34384,161,14,10,18,23,21,13,5,27
38,61,37,0,2,45095,52,115,12,6217,30250,108,107,18,1,20,106,5,64,3,6,30,58,29,66,24,91,89,28,59,11
38,61,37,144,134,52,186,22,1247,2530,14,10,41,23,21,13,5,27
38,61,37,0,15,72,164,12,305,68586,379,112,113,18,1,20,114,5,6,3
38,61,37,0,15,7379,150,22,3461,3452,14,10,4,23,21,13,5,6,30,149,3,25,11
38,61,37,0,2,104,12,11876,23415,14,10,41,1,20,13,5,98,58,30,19
38,61,37,0,2,19323,124,526,12,2716,11828,96,10,18,1,20,97,5,6,11
38,61,37,144,15,7414,52,115,22,4370,10771,14,10,4,23,21,13,5,58,59,29,19
38,61,37,0,2,43265,63,22,6463,2704,14,10,4,23,21,13,5,64,3,19
38,61,37,0,2,111,416,22,156,10757,167,78,79,18,23,21,80,5,6,11
38,61,37,0,2,126,748,22,1041,1040,78,79,4,23,21,80,5,121,29,3,48,154,30,64,6,66,136,89,26,31,25,28,24,59,11
38,61,37,144,134,38369,52,105,22,290,297,14,10,4,23,21,13,5,27
38,61,37,0,2,3734,127,12,305,4998,684,96,10,41,1,20,97,5,27
38,61,37,0,15,10183,124,208,12,1299,1916,14,10,18,1,20,13,5,3,26,32,25,6,19
38,61,37,0,15,45731,124,557,12,2098,11210,2103,34,7,18,1,20,33,5,32,30,3,66,29,207,6,11
38,61,37,0,235,52,105,12,27866,34,7,18,1,20,33,5,24,89,136,32,26,29,91,6,632,64,3,19
38,61,37,0,15,179,294,22,3658,3644,78,79,230,23,21,80,5,3,32
38,61,37,0,15,10183,124,208,12,1299,2293,14,10,18,1,20,13,5,3,26,32,25,6,19
38,61,37,0,15,74,642,22,92,218,237,101,93,18,23,21,100,5,3,58,25,26,19
38,61,37,0,15,818,60,155,12,2479,2477,14,10,4,1,20,13,5,57,26,3,32,25,6,19
38,61,37,0,2,74,392,12,92,1143,3460,14,10,18,1,766,13,5,6,3,59,148,11
38,61,37,0,2,175,1358,12,99,2711,439,101,93,4,1,283,100,5,27
38,61,37,0,15,126,200,22,455,966,454,14,10,4,23,21,13,5,3
38,61,37,0,15,60,184,12,92,1016,1726,14,10,18,1,20,13,5,32,3,19
38,61,37,0,2,691,74,132,12,92,7695,1575,14,10,18,1,20,13,5,31,48,6,24,30,3,632,19
38,61,37,0,15,8693,52,115,12,2196,264,112,113,4,1,140,114,5,3,6,58,28,169,59,32,24,19
38,61,37,0,2,124,823,12,6218,16922,108,107,18,1,20,106,5,28
38,61,37,0,2,52,186,22,1580,1579,14,10,4,180,21,13,5,25,98,89,24,6,31,26,28,154,3,48,11
38,61,37,0,2,127,12,92,2832,6357,78,79,18,1,20,80,5,27
38,61,37,144,196,124,561,22,205,286,285,101,93,18,23,21,100,5,27
38,61,37,0,2,37001,52,105,12,99,24414,311,101,93,4,1,282,100,5,27
38,61,37,0,196,127,12,8898,8929,8912,14,10,41,1,20,13,5,27
38,61,37,0,2,126,512,22,162,161,14,10,18,23,21,13,5,3,6,31,25
38,61,37,0,15,104,160,22,162,26302,161,14,10,18,23,21,13,5,6,32
38,61,37,0,2,25770,104,160,12,380,518,108,107,41,1,20,106,5,27
38,61,37,0,2,26985,52,115,12,13998,21149,34,7,18,1,20,33,5,25,48,64,29,28,3,6,154,11
38,61,37,0,2,85,383,22,838,836,14,10,230,23,21,13,5,32,3,19
38,61,37,0,15,60,155,12,980,1484,1474,250,93,4,1,140,249,5,27
38,61,37,258,655,2763,52,115,22,701,702,14,10,230,23,21,13,5,32,19
38,61,37,0,2,1552,63,178,12,1194,901,96,10,18,1,20,97,5,136,3,447,64,32,19
38,61,37,0,2,90,22,2753,2754,14,10,4,23,21,13,5,27
38,61,37,0,15,894,72,191,12,92,18490,8302,34,7,18,1,20,33,5,3,98,183
38,61,37,0,15,52,105,12,92,848,1334,14,10,41,1,20,13,5,28,6,3,32
38,61,37,0,2,124,531,12,247,473,34,7,18,1,20,33,5,32,11
38,61,37,0,2,45173,52,105,12,92,60454,14,10,41,1,20,13,5,6,19
38,61,37,0,15,31962,74,642,12,696,1078,101,93,18,1,20,100,5,6,28,3,26,19
38,61,37,0,15,273,22,2237,3333,14,10,41,180,21,13,5,32
38,61,37,0,15,58226,110,192,12,92,6794,9177,34,7,18,1,20,33,5,3
38,61,37,0,2,127,12,156,22039,78,79,18,1,20,80,5,66,6,29,3,30,11
38,61,37,0,15,59961,119,223,12,2925,10564,34,7,18,1,20,33,5,24,149,3,25,6,19
38,61,37,0,2,52,105,12,803,716,14,10,18,1,20,13,5,25,29,3,31,6,59,28,11
38,61,37,0,2,85,253,22,244,237,101,93,18,23,21,100,5,32,6,3,91,19
38,61,37,0,15,123,22,1027,1631,14,10,4,23,21,13,5,26,6,11
38,61,37,0,2,1482,52,12,92,2307,2516,78,79,18,1,414,80,5,6,29,11
38,61,37,0,15,4529,87,163,22,355,422,14,10,41,23,21,13,5,59,6,25,48,149,26,3,11
38,61,37,0,2,12795,123,12,247,375,312,96,10,18,1,20,97,5,3,91,89,30,26,169,31,6,24,32,11
38,61,37,0,2,123,12,1684,1685,2760,34,7,18,1,20,33,5,48,6,32,3
38,61,37,0,2,52,12,156,402,78,79,18,1,20,80,5,3,64,6,26,28,11
38,61,37,0,2,63,178,22,34422,34059,1581,14,10,230,23,21,13,5,57,121,98,3,24,6,28,89,11
38,61,37,0,2,12173,60,131,22,6239,315,14,10,18,23,21,13,5,6,11
38,61,37,0,2,153,779,22,216,555,14,10,18,23,21,13,5,24,25,29,3,6,11
38,61,37,0,15,13837,52,115,12,6525,5183,34,7,18,1,159,33,5,27
38,61,37,0,15,123,12,380,1183,34,7,18,1,20,33,5,27
38,61,37,0,2,71596,52,115,12,5738,5716,5726,108,107,41,1,20,106,5,3,19
38,61,37,0,2,118,213,22,1290,1478,14,10,41,23,21,13,5,3
38,61,37,0,15,60598,52,115,12,2028,3287,34,7,18,1,20,33,5,27
38,61,37,0,2,158,229,12,777,1243,112,113,18,1,20,114,5,30,3,66,58,6,11
38,61,37,0,2,74,558,22,658,703,14,10,41,23,21,13,5,3
38,61,37,0,15,13897,110,192,12,92,1003,1987,14,10,4,1,4978,13,5,3,6,31,26,19
38,61,37,0,2,43699,111,147,12,247,901,96,10,18,1,20,97,5,32
38,61,37,0,15,48998,280,426,12,878,1734,108,107,4,1,1102,106,5,66,3,29,89,6,25,30,48,24,28,58,31,11
38,61,37,0,15,124,429,22,162,36660,161,14,10,18,23,21,13,5,3,6
38,61,37,0,2,52,210,22,320,315,14,10,18,23,21,13,5,6,11
38,61,37,0,15,111,147,12,5361,5183,34,7,18,1,159,33,5,6,28,24,32,29,31,3,19
38,61,37,0,2,72,164,22,328,1340,14,10,41,23,21,13,5,3,32,19
38,61,37,144,196,4585,87,435,22,156,33468,167,78,79,18,23,21,80,5,27
38,61,37,0,235,842,150,22,481,417,34,7,41,23,21,33,5,48,59,6,3,11
38,61,37,0,2,72,191,22,744,2048,14,10,18,23,21,13,5,3,32,19
38,61,37,0,2,85,219,22,2071,2069,101,93,18,23,21,100,5,3,19
38,61,37,0,15,52,333,22,2266,2261,14,10,41,23,21,13,5,32
38,61,37,144,134,138,137,22,672,1069,1065,14,10,18,23,21,13,5,27
38,61,37,0,2,118,385,22,413,688,14,10,41,23,21,13,5,6
38,61,37,0,2,28314,52,295,22,162,161,14,10,18,23,21,13,5,27
38,61,37,0,15,128,433,12,980,1577,1567,250,93,4,1,140,249,5,30,66,6,11
38,61,37,0,2,124,468,22,221,669,668,14,10,41,23,21,13,5,3,29,11
38,61,37,0,2,135,472,22,2162,661,14,10,4,23,21,13,5,6
38,61,37,144,134,57645,90,22,701,702,14,10,230,23,21,13,5,27
38,61,37,0,2,157,465,12,453,622,108,107,41,1,20,106,5,11
38,61,37,0,2,128,554,12,516,1049,34,7,18,1,20,33,5,32,3
38,61,37,0,2,111,147,12,247,375,312,96,10,41,1,20,97,5,32
38,61,37,0,2,72,164,12,4282,5026,101,93,18,1,20,100,5,3
38,61,37,0,2,32972,52,105,22,221,669,668,14,10,41,23,21,13,5,27
38,61,37,0,2,110,371,22,2439,2445,2635,14,10,18,23,21,13,5,27
38,61,37,0,2,52,333,22,355,422,14,10,41,23,21,13,5,59,6,48,3,11
38,61,37,0,2,3904,60,301,22,345,344,343,14,10,18,23,21,13,5,3,6
38,61,37,0,2,175,271,22,1277,1430,1429,78,79,4,23,21,80,5,3,64,58,28,6,25,19
38,61,37,0,2,60,131,22,672,947,942,14,10,18,23,21,13,5,27
38,61,37,0,2,127,12,92,1397,2190,14,10,18,1,20,13,5,32,19
38,61,37,0,15,138,137,12,380,931,101,93,18,1,20,100,5,3,26,136,25,447,30,24,6,11
38,61,37,0,2,10443,110,192,12,34,7,18,1,20,33,5,3,6,98,91,58,26,28,25,30,19
38,61,37,0,2,68768,119,652,22,156,167,78,79,18,23,21,80,5,6,11
38,61,37,0,15,66494,349,9160,22,290,297,14,10,4,23,21,13,5,3,19
38,61,37,0,2,60,432,22,355,422,14,10,41,23,21,13,5,6,3,11
38,61,37,0,2,118,406,22,543,550,537,14,10,18,23,21,13,5,3,6,11
38,61,37,0,2,11791,126,367,22,785,784,771,14,10,4,23,21,13,5,27
38,61,37,0,2,90,22,156,21413,167,78,79,18,23,21,80,5,3,6,11
38,61,37,0,2,31456,119,923,22,26925,5785,14,10,41,23,21,13,5,3
38,61,37,0,2,4152,118,12,99,188,34,7,4,1,187,33,5,27
38,61,37,0,15,71451,90,22,398,926,925,14,10,41,23,21,13,5,3,32
38,61,37,0,2,72,255,22,2439,2445,2950,14,10,18,23,21,13,5,30,3,6,24,11
38,61,37,0,2,103,202,22,244,237,101,93,18,23,21,100,5,25,6,3,32,19
38,61,37,0,2,45173,52,105,12,92,60454,14,10,18,1,20,13,5,6,19
38,61,37,0,2,175,852,22,719,715,14,10,4,23,21,13,5,28,64,6
38,61,37,0,2,52,186,22,244,237,101,93,18,23,21,100,5,3,32,19
38,61,37,144,134,158,229,22,309,605,78,79,18,23,21,80,5,27
38,61,37,0,2,126,200,22,162,161,14,10,18,23,21,13,5,3,19
38,61,37,0,15,52,105,12,347,770,14,10,18,1,20,13,5,58,3,6
38,61,37,0,2,158,229,12,731,1488,34,7,18,1,20,33,5,29
38,61,37,0,2,119,461,22,156,45711,167,78,79,18,23,21,80,5,3,6,11
38,61,37,0,2,118,385,12,380,518,108,107,18,1,20,106,5,6,64,3,11
38,61,37,0,2,128,466,22,989,315,14,10,18,23,21,13,5,27
38,61,37,0,2,8519,124,557,12,306,650,101,93,18,1,20,100,5,3,32,28,11
38,61,37,144,196,130,403,22,3867,3874,14,10,41,23,21,13,5,19
38,61,37,0,2,74,132,12,92,233,262,96,10,18,1,140,97,5,27
38,61,37,0,15,74,132,22,162,161,14,10,18,23,21,13,5,58,28,149,24,3,6,25,11
38,61,37,0,15,1552,63,178,12,256,11708,321,34,7,41,1,20,33,5,91
38,61,37,0,2,127,22,156,4639,167,78,79,18,23,21,80,5,31,26,6,30,89,66,58,28,29,48,3,154,64,121,24,169,25,59,98,11
38,61,37,0,2,52,105,12,92,4205,10762,34,7,18,1,20,33,5,3,59,32,89,169,19
38,61,37,0,2,157,386,12,777,930,34,7,18,1,20,33,5,6,3,11
38,61,37,0,2,119,625,22,205,272,34,7,18,23,21,33,5,6,3,32,19
38,61,37,0,2,39590,127,12,6812,17250,14,10,18,1,20,13,5,3,6,29
38,61,37,0,15,53368,126,200,22,1332,1986,14,10,41,180,21,13,5,6,32,3,19
38,61,37,0,2,21201,153,653,12,1676,1627,14,10,18,1,20,13,5,32,6
38,61,37,0,2,63,22,345,344,343,14,10,18,23,21,13,5,58,3,6,57,11
38,61,37,0,2,135,342,22,595,2987,14,10,4,23,21,13,5,3,26
38,61,37,0,2,60,131,12,92,4549,10229,34,7,18,1,20,33,5,27
38,61,37,0,2,273,22,205,272,34,7,18,23,21,33,5,3,32,19
38,61,37,0,2,67305,126,374,12,92,430,804,14,10,18,1,20,13,5,27
38,61,37,0,15,153,261,12,3643,7981,34,7,18,1,20,33,5,58
38,61,37,0,15,52,115,12,1594,2210,1598,108,107,4,1,1589,106,5,3,11
38,61,37,0,2,138,137,22,415,565,431,14,10,18,23,21,13,5,32,3,19
38,61,37,0,2,118,368,22,16923,37513,14,10,4,23,21,13,5,57,19
38,61,37,0,2,119,223,22,415,565,431,14,10,18,23,21,13,5,27
38,61,37,0,2,4520,138,137,22,788,569,14,10,41,23,21,13,5,3,19
38,61,37,0,2,72,164,22,885,417,34,7,41,23,21,33,5,3,28,30,66,59,48,91,29,64,6,26,169,11
38,61,37,0,15,52,115,22,793,2161,14,10,41,180,21,13,5,3,32,19
38,61,37,0,2,126,1242,22,2331,523,14,10,18,23,21,13,5,48,6,59,3,30,11
38,61,37,0,2,153,261,22,345,344,343,14,10,18,23,21,13,5,3,58,6,11
38,61,37,0,2,153,653,22,701,702,14,10,230,23,21,13,5,3,32,6,19
38,61,37,0,2,3955,52,115,12,1200,34,7,18,1,140,33,5,32,6,31,57
38,61,37,144,134,123,22,92,218,237,101,93,18,23,21,100,5,6
38,61,37,0,15,65800,52,22,543,550,537,14,10,18,23,21,13,5,57,31,25,30,24,32,48,3,26,6,635,28,19
38,61,37,144,134,138,137,22,585,583,14,10,18,23,21,13,5,27
38,61,37,0,2,25770,104,160,12,380,1183,34,7,18,1,20,33,5,27
38,61,37,0,15,127,22,162,161,14,10,18,23,21,13,5,6,3,154,64,48,19
38,61,37,0,15,47808,118,213,12,1920,2912,108,107,41,1,20,106,5,6,64,58,25,31,29,148,28,48,59,11
38,61,37,0,2,128,211,12,99,23573,188,34,7,4,1,187,33,5,6,29,3,11
38,61,37,0,2,808,52,115,12,3129,5440,108,107,41,1,20,106,5,28,3,19
38,61,37,0,2,60,225,22,1209,1283,1278,14,10,18,23,21,13,5,3
38,61,37,0,2,270,275,12,18464,44448,34,7,41,1,20,33,5,6,3,19
38,61,37,0,2,1588,63,178,12,7562,23083,34,7,18,1,20,33,5,25,6,48,136,26,3,24,11
38,61,37,0,15,179,294,12,99,58343,1286,14,10,4,1,1112,13,5,27
38,61,37,0,15,65686,128,211,12,16381,24560,46273,101,93,18,1,20,100,5,25
38,61,37,0,2,104,538,22,1277,1430,1429,78,79,4,23,21,80,5,25,3
38,61,37,0,15,13511,135,802,22,522,717,14,10,41,23,21,13,5,3,169,89,6,25,24,11
38,61,37,0,2,273,22,3386,3387,34,7,4,23,21,33,5,3
38,61,37,0,15,49506,52,115,12,4562,108,107,18,1,20,106,5,30,66,58,3,29,6,24,59,31,11
38,61,37,0,2,158,1447,12,2237,13685,4050,34,7,41,1,20,33,5,29,32,6,11
38,61,37,0,15,5048,118,22,92,218,237,101,93,18,23,21,100,5,91,3,32,6,19
38,61,37,0,2,60,184,12,516,1049,34,7,18,1,20,33,5,6,3,29,31,25,32,11
38,61,37,0,15,127,12,92,3368,3367,34,7,4,1,3157,33,5,30,24,3,6,11
38,61,37,0,15,179,294,12,99,58343,188,34,7,4,1,187,33,5,27
38,61,37,0,2,64026,85,176,22,1041,1040,78,79,4,23,21,80,5,28,25,26,98,3,121,89,66,6,24,29,136,30,19